episode,score,lines,pieces,reward
1,-138.5,0,15,-138.5
2,-120.5,0,15,-120.5
3,-37.5,0,19,-37.5
4,-216.5,0,19,-216.5
5,-85.0,0,20,-185.0
6,-25.5,0,21,-25.5
7,-101.0,0,21,-101.0
8,-74.5,0,23,-174.5
9,-142.0,0,15,-142.0
10,94.0,0,20,94.0
11,-143.5,0,22,-143.5
12,-157.0,0,18,-157.0
13,-190.5,0,20,-190.5
14,-115.5,0,17,-115.5
15,-146.0,0,23,-146.0
16,50.5,0,23,50.5
17,-131.5,0,12,-131.5
18,-170.5,0,14,-270.5
19,-87.5,0,18,-87.5
20,-168.5,0,21,-268.5
21,-89.5,0,19,-89.5
22,-39.0,0,22,-139.0
23,-84.0,0,24,-84.0
24,167.0,0,23,167.0
25,-151.0,0,15,-151.0
26,-97.5,0,14,-97.5
27,-59.5,0,17,-159.5
28,-166.5,0,20,-166.5
29,77.0,1,23,-23.0
30,-84.0,0,14,-84.0
31,-99.0,0,17,-199.0
32,-48.0,0,20,-48.0
33,-109.0,0,19,-209.0
34,78.0,0,23,-22.0
35,-80.0,0,20,-80.0
36,-141.0,0,18,-141.0
37,-103.0,0,16,-103.0
38,-219.0,0,19,-219.0
39,-203.0,0,15,-203.0
40,-138.5,0,17,-238.5
41,-153.5,0,15,-153.5
42,-129.5,0,16,-129.5
43,-187.0,0,18,-187.0
44,-119.5,0,18,-119.5
45,-55.0,0,21,-55.0
46,35.0,0,19,35.0
47,-143.5,0,16,-143.5
48,-154.5,0,19,-154.5
49,-102.0,0,14,-102.0
50,-129.0,0,20,-129.0
51,-173.5,0,18,-273.5
52,-167.0,0,13,-167.0
53,236.5,0,26,136.5
54,-112.5,0,24,-112.5
55,-148.5,0,13,-148.5
56,-29.0,0,23,-129.0
57,-53.0,0,18,-53.0
58,48.0,0,23,-52.0
59,138.5,0,25,138.5
60,-115.5,0,18,-115.5
61,13.5,0,22,13.5
62,-162.5,0,21,-262.5
63,-42.0,0,21,-42.0
64,-219.5,0,17,-219.5
65,-197.0,0,18,-297.0
66,-113.5,0,18,-113.5
67,26.0,0,22,-74.0
68,-128.0,0,21,-128.0
69,-135.5,0,22,-235.5
70,-119.0,0,16,-119.0
71,-142.0,0,17,-142.0
72,-80.5,0,22,-180.5
73,-172.0,0,17,-172.0
74,-165.0,0,17,-165.0
75,-81.0,0,19,-81.0
76,304.5,0,27,204.5
77,-96.0,0,18,-196.0
78,-116.0,0,15,-116.0
79,-126.5,0,17,-126.5
80,-57.5,0,18,-57.5
81,-166.5,0,17,-166.5
82,-227.0,0,18,-327.0
83,-145.5,0,21,-245.5
84,35.0,0,19,35.0
85,177.5,0,21,177.5
86,-165.5,0,15,-165.5
87,155.5,0,26,155.5
88,-173.5,0,13,-173.5
89,18.5,0,18,-81.5
90,-154.5,0,21,-154.5
91,-51.0,0,22,-151.0
92,-16.5,0,20,-116.5
93,-216.0,0,18,-316.0
94,207.0,0,25,207.0
95,-141.5,0,18,-141.5
96,-12.0,0,18,-12.0
97,54.0,0,23,54.0
98,-127.0,0,18,-227.0
99,-148.0,0,15,-148.0
100,-89.5,0,19,-89.5
101,-191.5,0,19,-191.5
102,-119.5,0,13,-119.5
103,-191.5,0,19,-191.5
104,-29.0,0,15,-129.0
105,-175.0,0,20,-275.0
106,-174.5,0,14,-174.5
107,-120.0,0,17,-120.0
108,-65.0,0,14,-165.0
109,101.5,0,22,101.5
110,-123.5,0,15,-223.5
111,-145.5,0,16,-145.5
112,69.5,1,19,-30.5
113,-171.5,0,19,-171.5
114,-87.5,0,22,-187.5
115,-156.0,0,16,-156.0
116,179.0,1,26,79.0
117,-211.0,0,22,-211.0
118,151.0,0,23,51.0
119,4.5,0,19,4.5
120,-134.0,0,14,-234.0
121,-213.5,0,21,-313.5
122,-217.5,0,14,-217.5
123,-136.5,0,21,-236.5
124,-209.5,0,20,-209.5
125,-17.5,0,21,-117.5
126,-84.5,0,22,-84.5
127,-170.5,0,17,-170.5
128,-50.0,0,20,-150.0
129,-165.0,0,23,-265.0
130,-175.0,0,19,-175.0
131,-132.5,0,23,-232.5
132,-119.0,0,17,-119.0
133,-145.0,0,16,-145.0
134,-92.5,0,17,-92.5
135,-120.0,0,17,-120.0
136,-99.5,0,16,-99.5
137,129.5,0,25,29.5
138,43.0,0,21,43.0
139,-234.0,0,13,-334.0
140,-136.0,0,19,-136.0
141,-157.0,0,23,-257.0
142,43.0,0,21,-57.0
143,-137.0,0,19,-237.0
144,-181.0,0,24,-181.0
145,-157.5,0,21,-257.5
146,-118.0,0,16,-218.0
147,-145.5,0,20,-245.5
148,-94.0,0,20,-94.0
149,-70.0,0,16,-170.0
150,198.5,0,20,198.5
151,-19.5,0,22,-19.5
152,-145.0,0,19,-245.0
153,-125.5,0,14,-225.5
154,-204.0,0,21,-204.0
155,-125.0,0,13,-125.0
156,4.5,0,25,4.5
157,-106.0,0,12,-106.0
158,-91.5,0,17,-191.5
159,6.0,0,25,6.0
160,-6.0,0,16,-6.0
161,-189.5,0,20,-189.5
162,176.0,0,25,76.0
163,-137.5,0,24,-237.5
164,133.5,0,25,33.5
165,-233.5,0,15,-333.5
166,-102.0,0,15,-102.0
167,11.5,0,23,11.5
168,-25.0,0,24,-125.0
169,-155.0,0,20,-255.0
170,-42.5,0,20,-142.5
171,-153.5,0,23,-153.5
172,-185.0,0,22,-185.0
173,-50.0,0,20,-50.0
174,-121.5,0,21,-221.5
175,-89.5,0,19,-89.5
176,-103.0,0,22,-103.0
177,-130.5,0,19,-230.5
178,-97.0,0,15,-197.0
179,-68.0,0,22,-68.0
180,-11.0,0,24,-11.0
181,-122.5,0,14,-222.5
182,-118.5,0,22,-218.5
183,-149.5,0,19,-249.5
184,-71.0,0,15,-71.0
185,-32.5,0,20,-32.5
186,-152.5,0,22,-252.5
187,19.5,0,25,-80.5
188,-230.5,0,20,-330.5
189,-122.0,0,16,-122.0
190,-177.0,0,18,-277.0
191,-190.5,0,20,-290.5
192,-248.5,0,15,-248.5
193,-186.5,0,18,-186.5
194,-27.5,1,21,-27.5
195,-77.5,0,17,-177.5
196,-147.5,0,20,-247.5
197,-189.0,0,19,-289.0
198,-68.0,0,24,-68.0
199,-180.0,0,20,-180.0
200,-75.5,0,23,-175.5
201,-117.0,0,21,-217.0
202,-134.0,0,15,-134.0
203,-127.5,0,23,-127.5
204,-149.0,0,16,-249.0
205,64.0,0,21,64.0
206,-122.0,0,21,-122.0
207,-4.5,0,23,-104.5
208,-100.0,0,17,-100.0
209,-183.5,0,17,-183.5
210,-170.0,0,20,-270.0
211,-191.0,0,18,-191.0
212,-77.5,0,25,-177.5
213,-162.5,0,27,-162.5
214,-43.0,0,23,-143.0
215,-76.0,0,19,-176.0
216,-147.5,0,22,-147.5
217,-85.0,0,12,-85.0
218,4.0,0,20,-96.0
219,92.0,0,27,92.0
220,-201.0,0,17,-301.0
221,-60.0,0,19,-60.0
222,-213.0,0,16,-213.0
223,-127.5,0,19,-227.5
224,-58.5,0,16,-158.5
225,-114.5,0,20,-114.5
226,-32.0,0,22,-32.0
227,-164.0,0,21,-264.0
228,-0.5,0,21,-0.5
229,131.5,0,18,131.5
230,-84.5,0,17,-184.5
231,-170.0,0,19,-270.0
232,-153.5,0,18,-153.5
233,-134.5,0,19,-134.5
234,-114.0,0,19,-214.0
235,-202.5,0,21,-302.5
236,-87.0,0,18,-187.0
237,-73.5,0,19,-173.5
238,250.0,0,28,150.0
239,-206.5,0,19,-306.5
240,-90.5,0,19,-190.5
241,-98.5,0,21,-198.5
242,-156.5,0,19,-156.5
243,-65.0,0,16,-165.0
244,-133.5,0,21,-133.5
245,17.0,0,22,-83.0
246,-3.0,0,21,-103.0
247,7.5,0,22,-92.5
248,-135.5,0,14,-135.5
249,-124.5,0,23,-224.5
250,-124.0,0,20,-124.0
251,-85.5,0,15,-85.5
252,-160.5,0,21,-260.5
253,-163.0,0,17,-163.0
254,-28.5,0,20,-28.5
255,-193.0,0,22,-193.0
256,-161.0,0,18,-161.0
257,-39.5,0,21,-39.5
258,-63.0,0,14,-163.0
259,163.0,0,27,163.0
260,-184.0,0,19,-184.0
261,-154.5,0,15,-254.5
262,-2.5,0,18,-2.5
263,19.5,0,23,-80.5
264,-140.0,0,10,-140.0
265,-79.5,0,22,-179.5
266,-193.0,0,16,-193.0
267,89.5,0,23,89.5
268,-178.5,0,18,-278.5
269,-139.0,0,18,-239.0
270,-158.0,0,14,-158.0
271,-92.0,0,25,-92.0
272,124.5,0,23,24.5
273,8.5,0,22,8.5
274,-170.5,0,20,-270.5
275,-39.5,0,23,-39.5
276,-120.0,0,16,-120.0
277,-115.0,0,15,-115.0
278,-180.5,0,17,-180.5
279,-101.0,0,18,-101.0
280,-147.5,0,21,-247.5
281,-8.0,0,25,-108.0
282,-111.5,0,20,-111.5
283,-142.0,0,16,-142.0
284,-90.0,0,18,-90.0
285,-161.5,0,12,-161.5
286,-157.0,0,23,-157.0
287,13.0,0,24,13.0
288,-120.5,0,16,-220.5
289,-151.0,0,22,-151.0
290,-26.5,0,13,-26.5
291,-162.0,0,17,-262.0
292,-139.0,0,13,-139.0
293,-189.0,0,16,-189.0
294,-147.0,0,14,-147.0
295,-76.0,0,22,-176.0
296,122.5,0,25,22.5
297,59.0,0,19,-41.0
298,-203.0,0,22,-303.0
299,-10.0,0,20,-10.0
300,-104.5,0,21,-104.5
301,-41.5,0,19,-41.5
302,-123.0,0,18,-123.0
303,84.5,0,24,84.5
304,-93.0,0,11,-93.0
305,-134.0,0,15,-134.0
306,-176.0,0,16,-176.0
307,-163.0,0,20,-263.0
308,92.5,1,20,92.5
309,-118.0,0,15,-218.0
310,-148.0,0,14,-248.0
311,-64.0,0,21,-64.0
312,-93.0,0,15,-93.0
313,-35.0,0,20,-35.0
314,-27.0,0,25,-127.0
315,151.5,0,24,151.5
316,-179.5,0,18,-279.5
317,-102.0,0,17,-202.0
318,-20.5,0,20,-20.5
319,-30.0,0,21,-30.0
320,-32.0,0,18,-132.0
321,-151.5,0,15,-151.5
322,-104.0,0,15,-204.0
323,-103.5,0,16,-103.5
324,-34.0,0,17,-34.0
325,105.5,0,23,5.5
326,-53.0,0,16,-153.0
327,-102.5,0,15,-102.5
328,-142.5,0,17,-142.5
329,-181.0,0,19,-181.0
330,-100.0,0,15,-200.0
331,-139.0,0,17,-139.0
332,156.5,1,23,56.5
333,-231.0,0,19,-231.0
334,118.0,0,19,118.0
335,-45.0,0,19,-145.0
336,-102.0,0,13,-202.0
337,-71.5,0,15,-171.5
338,-51.5,0,23,-151.5
339,-136.5,0,18,-136.5
340,-188.0,0,17,-288.0
341,-92.0,0,10,-92.0
342,-92.0,0,17,-192.0
343,-124.0,0,14,-124.0
344,-165.0,0,17,-265.0
345,-4.5,0,28,-4.5
346,-203.0,0,20,-303.0
347,-42.0,0,23,-42.0
348,-139.0,0,21,-239.0
349,-172.5,0,23,-272.5
350,-131.5,0,16,-231.5
351,-46.0,0,20,-46.0
352,-25.0,0,23,-125.0
353,-126.5,0,19,-126.5
354,-2.5,0,17,-102.5
355,-115.0,0,22,-115.0
356,81.5,0,25,-18.5
357,-33.0,0,16,-33.0
358,-30.0,0,24,-30.0
359,-78.5,0,20,-178.5
360,92.0,0,20,92.0
361,-51.0,0,18,-51.0
362,-179.0,0,19,-279.0
363,32.5,0,19,32.5
364,154.5,0,25,154.5
365,-178.0,0,20,-178.0
366,-62.0,0,21,-62.0
367,-122.5,0,17,-122.5
368,-123.0,0,15,-123.0
369,-50.5,0,25,-150.5
370,188.0,0,18,188.0
371,21.5,0,20,-78.5
372,5.5,0,21,5.5
373,-37.0,0,18,-137.0
374,-72.0,0,21,-72.0
375,-167.5,0,18,-167.5
376,38.5,0,21,-61.5
377,-181.5,0,18,-181.5
378,-157.0,0,21,-157.0
379,-80.0,0,24,-180.0
380,-119.5,0,23,-219.5
381,4.5,0,22,4.5
382,-152.5,0,18,-152.5
383,-9.5,0,23,-109.5
384,-129.5,0,15,-129.5
385,-103.0,0,13,-103.0
386,-184.0,0,17,-284.0
387,44.5,0,24,-55.5
388,-16.5,0,20,-16.5
389,-79.5,0,14,-79.5
390,-120.0,0,17,-120.0
391,296.0,0,30,196.0
392,104.0,0,21,104.0
393,-109.5,0,19,-109.5
394,-190.5,0,24,-290.5
395,-128.5,0,20,-128.5
396,-84.0,0,18,-84.0
397,19.5,0,19,19.5
398,36.0,0,25,-64.0
399,-204.5,0,21,-204.5
400,-265.5,0,17,-265.5
401,-197.0,0,19,-297.0
402,-163.5,0,18,-263.5
403,40.0,0,21,40.0
404,4.0,0,21,-96.0
405,89.5,0,25,89.5
406,-2.0,0,15,-2.0
407,-195.5,0,19,-295.5
408,-116.5,0,15,-116.5
409,17.5,0,23,17.5
410,-43.5,0,21,-43.5
411,120.0,0,23,20.0
412,-150.0,0,17,-250.0
413,-98.0,0,15,-98.0
414,2.5,0,21,2.5
415,-26.0,0,24,-126.0
416,-69.5,0,23,-69.5
417,62.5,0,21,62.5
418,-156.0,0,20,-256.0
419,-159.5,0,22,-159.5
420,-58.5,0,21,-58.5
421,-162.5,0,24,-262.5
422,1.5,0,25,1.5
423,33.0,0,25,-67.0
424,-115.5,0,15,-215.5
425,-202.5,0,20,-202.5
426,-33.5,0,24,-133.5
427,-109.5,0,18,-209.5
428,-133.5,0,22,-233.5
429,-173.0,0,19,-173.0
430,-64.5,0,17,-64.5
431,-149.5,0,17,-249.5
432,81.0,0,22,81.0
433,172.0,0,21,72.0
434,-90.0,0,21,-190.0
435,-74.5,0,21,-74.5
436,-214.5,0,19,-214.5
437,-188.0,0,19,-288.0
438,-103.0,0,21,-103.0
439,-62.0,0,22,-162.0
440,55.0,0,23,55.0
441,-35.5,0,24,-135.5
442,-94.0,0,23,-194.0
443,29.5,0,24,-70.5
444,147.0,0,25,147.0
445,-177.5,0,23,-277.5
446,103.0,0,26,3.0
447,-3.5,0,19,-103.5
448,106.0,0,25,106.0
449,-119.0,0,17,-219.0
450,-167.0,0,15,-167.0
451,-13.0,0,15,-13.0
452,-132.5,0,21,-132.5
453,-89.5,0,12,-89.5
454,10.5,0,23,-89.5
455,-183.0,0,19,-183.0
456,-66.5,0,23,-66.5
457,309.0,0,28,209.0
458,63.5,0,19,63.5
459,-81.5,0,27,-181.5
460,87.0,0,19,-13.0
461,45.5,0,18,45.5
462,172.5,0,23,172.5
463,143.0,0,25,143.0
464,-150.0,0,15,-250.0
465,378.5,0,27,278.5
466,64.5,0,25,-35.5
467,-121.5,0,16,-121.5
468,-122.5,0,15,-222.5
469,-196.0,0,18,-196.0
470,-128.5,0,21,-228.5
471,-92.5,0,21,-192.5
472,-100.5,0,18,-100.5
473,-47.5,0,21,-147.5
474,-80.0,0,23,-180.0
475,-87.0,0,23,-187.0
476,-185.0,0,19,-285.0
477,-83.5,0,18,-83.5
478,-161.0,0,17,-161.0
479,-82.0,0,19,-82.0
480,-126.0,0,15,-126.0
481,152.5,0,26,152.5
482,-153.5,0,18,-253.5
483,-37.5,0,26,-37.5
484,-27.5,0,17,-27.5
485,-98.5,0,23,-198.5
486,-145.5,0,19,-145.5
487,-119.0,0,18,-119.0
488,-163.5,0,17,-163.5
489,19.0,0,22,19.0
490,-20.5,0,22,-20.5
491,-2.5,0,24,-102.5
492,2.0,0,18,2.0
493,19.5,0,21,19.5
494,-104.0,0,22,-204.0
495,144.5,0,28,44.5
496,-130.5,0,18,-130.5
497,-41.5,0,20,-141.5
498,40.5,0,22,40.5
499,-178.0,0,22,-278.0
500,-100.0,0,20,-100.0
501,-158.0,0,17,-258.0
502,-17.5,0,25,-117.5
503,34.5,0,19,34.5
504,26.5,0,26,-73.5
505,147.0,0,25,147.0
506,40.5,0,19,40.5
507,-143.0,0,23,-143.0
508,-15.0,0,22,-115.0
509,57.0,0,19,-43.0
510,-49.5,0,13,-49.5
511,-201.5,0,22,-201.5
512,0.0,0,22,0.0
513,20.5,0,19,-79.5
514,-88.5,0,23,-88.5
515,-147.5,0,21,-147.5
516,-37.5,0,20,-37.5
517,-154.0,0,18,-154.0
518,154.0,0,19,154.0
519,-141.5,0,23,-141.5
520,-25.0,0,18,-25.0
521,26.5,0,21,26.5
522,-172.0,0,15,-172.0
523,-74.0,0,21,-174.0
524,-139.0,0,22,-139.0
525,-160.0,0,16,-160.0
526,73.0,0,24,73.0
527,127.0,0,27,27.0
528,261.0,0,25,261.0
529,61.0,0,21,-39.0
530,21.0,0,23,21.0
531,-82.5,0,22,-182.5
532,-15.0,0,21,-115.0
533,-88.0,0,17,-88.0
534,-127.0,0,19,-127.0
535,122.5,0,24,22.5
536,-6.0,0,23,-106.0
537,-128.5,0,19,-228.5
538,-106.0,0,11,-106.0
539,-98.5,0,21,-198.5
540,41.0,0,22,41.0
541,-81.0,0,19,-181.0
542,-107.0,0,18,-207.0
543,-95.0,0,22,-195.0
544,-41.5,0,19,-141.5
545,-51.5,0,23,-151.5
546,-167.0,0,18,-167.0
547,-153.5,0,17,-153.5
548,-138.5,0,23,-138.5
549,29.5,0,25,-70.5
550,-97.0,0,17,-97.0
551,-126.5,0,18,-126.5
552,-67.5,0,22,-67.5
553,-268.0,0,19,-368.0
554,-57.5,0,22,-57.5
555,-85.5,0,21,-185.5
556,-175.0,0,19,-275.0
557,110.0,0,25,10.0
558,-66.0,0,25,-166.0
559,-230.0,0,14,-230.0
560,-132.5,0,21,-232.5
561,38.5,0,23,38.5
562,95.5,0,21,95.5
563,-176.0,0,20,-276.0
564,-118.5,0,13,-118.5
565,5.0,0,20,-95.0
566,156.0,0,27,56.0
567,-39.0,0,23,-139.0
568,109.0,0,24,109.0
569,47.0,0,19,47.0
570,-67.0,0,22,-67.0
571,7.5,0,21,7.5
572,-73.5,0,21,-73.5
573,-107.0,0,16,-107.0
574,-105.0,0,15,-205.0
575,-122.5,0,18,-222.5
576,-98.5,0,13,-98.5
577,-114.5,0,21,-114.5
578,226.5,0,25,226.5
579,-4.0,0,23,-4.0
580,-152.0,0,18,-252.0
581,105.0,0,26,105.0
582,267.5,0,28,167.5
583,-27.5,0,18,-27.5
584,-146.5,0,19,-246.5
585,101.0,0,26,1.0
586,-45.0,0,22,-45.0
587,-40.5,0,24,-140.5
588,-209.5,0,18,-309.5
589,-132.0,0,19,-132.0
590,-21.5,0,26,-121.5
591,42.0,0,26,42.0
592,-58.0,0,22,-58.0
593,-180.0,0,17,-180.0
594,-92.5,0,19,-192.5
595,66.0,0,23,66.0
596,-105.5,0,16,-105.5
597,-102.0,0,25,-102.0
598,-104.0,0,15,-104.0
599,19.0,0,18,19.0
600,-104.0,0,20,-104.0
601,-1.5,0,24,-101.5
602,34.5,0,24,-65.5
603,-141.5,0,21,-141.5
604,-154.5,0,17,-154.5
605,-71.0,0,24,-71.0
606,208.0,0,25,208.0
607,-164.0,0,21,-164.0
608,-6.5,0,26,-6.5
609,-54.5,0,23,-54.5
610,-146.0,0,13,-146.0
611,-217.5,0,16,-217.5
612,-103.5,0,26,-203.5
613,-115.0,0,21,-215.0
614,-137.0,0,20,-137.0
615,-68.5,0,18,-68.5
616,238.5,0,25,238.5
617,-100.5,0,20,-100.5
618,359.0,1,23,259.0
619,-37.0,0,18,-37.0
620,-85.5,0,20,-185.5
621,-224.0,0,21,-224.0
622,-108.0,0,22,-208.0
623,-218.5,0,20,-318.5
624,-72.0,0,16,-172.0
625,-128.0,0,17,-228.0
626,-94.0,0,23,-94.0
627,120.5,0,21,120.5
628,-99.5,0,20,-199.5
629,46.5,0,21,46.5
630,-172.5,0,18,-172.5
631,-21.5,0,14,-21.5
632,-215.5,0,24,-215.5
633,7.5,0,21,7.5
634,-163.5,0,20,-163.5
635,-37.0,0,25,-37.0
636,-193.5,0,20,-293.5
637,-81.0,0,20,-81.0
638,-127.5,0,24,-227.5
639,-109.5,0,22,-209.5
640,-53.0,0,22,-53.0
641,-127.5,0,18,-227.5
642,28.0,0,23,28.0
643,-71.5,0,23,-171.5
644,20.5,0,27,-79.5
645,-124.0,0,22,-224.0
646,-232.0,0,23,-332.0
647,-47.5,0,23,-147.5
648,26.0,0,20,26.0
649,-115.0,0,23,-215.0
650,-8.0,1,24,-108.0
651,-16.5,0,25,-116.5
652,-171.0,0,18,-171.0
653,-111.5,0,19,-211.5
654,-124.0,0,20,-124.0
655,44.0,0,26,44.0
656,-125.5,0,21,-125.5
657,-214.0,0,19,-314.0
658,-54.5,0,24,-154.5
659,-107.5,0,22,-107.5
660,2.0,0,24,-98.0
661,-192.0,0,21,-192.0
662,-140.0,0,19,-240.0
663,-1.0,0,22,-101.0
664,-126.5,0,21,-226.5
665,-103.0,0,22,-203.0
666,10.0,0,25,-90.0
667,151.5,1,28,151.5
668,68.5,0,27,68.5
669,-25.5,0,17,-25.5
670,55.5,0,26,55.5
671,117.5,0,23,117.5
672,-40.0,0,23,-140.0
673,-59.0,0,19,-59.0
674,85.0,0,24,-15.0
675,-41.5,0,22,-41.5
676,50.5,0,23,50.5
677,365.5,0,29,265.5
678,-27.5,0,24,-127.5
679,-0.5,0,22,-0.5
680,-34.0,0,22,-34.0
681,-217.5,0,15,-217.5
682,28.0,0,20,28.0
683,-140.0,0,19,-140.0
684,-89.0,0,20,-89.0
685,-38.0,0,21,-38.0
686,28.5,0,22,-71.5
687,-145.0,0,16,-245.0
688,-65.0,0,23,-165.0
689,-143.5,0,20,-243.5
690,-114.5,0,18,-114.5
691,-33.0,0,21,-133.0
692,-52.0,0,22,-52.0
693,-41.5,0,20,-41.5
694,-150.5,0,22,-250.5
695,-127.5,0,21,-127.5
696,-47.0,0,19,-47.0
697,208.0,0,25,108.0
698,-188.0,0,23,-188.0
699,-132.5,0,20,-132.5
700,-150.5,0,15,-250.5
701,-83.0,0,14,-83.0
702,121.0,0,21,121.0
703,-108.5,0,21,-208.5
704,-88.5,0,20,-88.5
705,-125.5,0,21,-225.5
706,41.5,0,18,-58.5
707,-104.5,0,26,-204.5
708,38.5,0,22,38.5
709,-101.5,0,19,-101.5
710,-86.5,0,24,-86.5
711,-172.0,0,17,-172.0
712,-154.5,0,19,-154.5
713,-119.5,0,22,-119.5
714,140.5,0,23,40.5
715,-118.0,0,23,-118.0
716,22.0,0,21,22.0
717,-134.0,0,21,-134.0
718,-85.5,0,18,-185.5
719,-76.0,0,23,-176.0
720,-62.0,0,14,-62.0
721,-19.0,0,20,-19.0
722,-14.0,0,18,-14.0
723,93.0,0,22,-7.0
724,-169.5,0,20,-169.5
725,331.0,0,28,331.0
726,25.5,0,25,25.5
727,93.5,0,20,-6.5
728,171.5,0,27,71.5
729,0.0,0,20,-100.0
730,-30.0,0,18,-30.0
731,-147.0,0,20,-147.0
732,-89.0,0,15,-189.0
733,-133.0,0,19,-133.0
734,-67.0,0,23,-167.0
735,-97.5,0,20,-97.5
736,-26.5,0,17,-26.5
737,-50.0,0,21,-150.0
738,-103.0,0,25,-203.0
739,-103.5,0,19,-103.5
740,-129.0,0,22,-129.0
741,59.5,0,19,59.5
742,325.5,0,26,325.5
743,-162.5,0,17,-162.5
744,14.5,0,24,-85.5
745,-190.5,0,23,-290.5
746,118.0,0,24,18.0
747,-84.0,0,24,-184.0
748,95.0,0,24,95.0
749,-43.0,0,23,-143.0
750,209.0,0,26,209.0
751,148.5,0,25,148.5
752,-103.0,0,22,-203.0
753,-122.0,0,24,-122.0
754,-65.0,0,21,-65.0
755,-100.5,0,13,-200.5
756,104.5,1,25,104.5
757,-74.0,0,14,-174.0
758,-42.0,0,20,-142.0
759,-165.0,0,21,-165.0
760,-132.0,0,16,-232.0
761,8.5,0,24,8.5
762,-69.0,0,19,-169.0
763,72.5,0,27,72.5
764,167.5,0,24,67.5
765,35.0,0,17,35.0
766,-20.5,0,26,-120.5
767,-136.5,0,18,-136.5
768,-44.5,0,23,-44.5
769,-77.5,0,17,-177.5
770,92.0,0,23,92.0
771,204.0,0,29,204.0
772,-141.0,0,15,-141.0
773,11.0,0,23,-89.0
774,-207.5,0,19,-207.5
775,-136.0,0,15,-136.0
776,25.5,0,22,25.5
777,-27.5,0,18,-27.5
778,195.5,1,26,195.5
779,-163.5,0,22,-163.5
780,-49.5,0,19,-149.5
781,-63.0,0,18,-63.0
782,33.5,0,25,-66.5
783,156.0,0,25,156.0
784,-111.5,0,20,-211.5
785,-87.0,0,19,-87.0
786,-24.5,0,24,-24.5
787,-50.0,0,20,-150.0
788,123.0,0,27,23.0
789,-192.5,0,15,-192.5
790,281.5,0,24,281.5
791,-142.0,0,22,-142.0
792,-24.0,0,21,-24.0
793,23.0,0,23,23.0
794,-94.0,0,18,-94.0
795,-106.0,0,17,-106.0
796,-141.0,0,18,-141.0
797,52.5,0,24,52.5
798,-77.0,0,20,-77.0
799,-121.5,0,21,-221.5
800,120.0,0,25,20.0
801,-25.0,0,18,-25.0
802,-67.5,0,15,-67.5
803,-70.0,0,19,-70.0
804,-136.0,0,20,-136.0
805,130.0,0,29,30.0
806,-93.5,0,14,-93.5
807,-163.0,0,23,-263.0
808,104.0,0,22,104.0
809,8.0,0,25,-92.0
810,-48.0,0,17,-148.0
811,134.0,0,23,134.0
812,57.5,0,25,57.5
813,-218.0,0,17,-218.0
814,-50.0,0,19,-50.0
815,-163.5,0,22,-263.5
816,143.0,0,22,143.0
817,-162.5,0,16,-162.5
818,29.5,0,24,29.5
819,-104.5,0,18,-204.5
820,-32.0,0,28,-32.0
821,74.5,0,22,-25.5
822,106.5,0,24,6.5
823,27.0,0,25,27.0
824,-31.5,0,26,-31.5
825,-38.5,0,25,-138.5
826,20.5,0,21,20.5
827,7.5,0,20,7.5
828,137.5,0,22,37.5
829,40.0,0,23,40.0
830,-94.0,0,20,-94.0
831,-153.5,0,13,-153.5
832,-191.0,0,21,-191.0
833,2.0,0,24,2.0
834,-123.5,0,25,-223.5
835,-0.5,0,21,-0.5
836,-139.0,0,22,-139.0
837,-7.0,0,16,-7.0
838,116.5,0,24,116.5
839,47.5,0,22,47.5
840,16.0,0,14,16.0
841,-20.0,0,19,-120.0
842,135.5,1,27,35.5
843,-126.5,0,13,-126.5
844,-35.5,0,25,-135.5
845,-90.0,0,24,-190.0
846,-94.0,0,24,-194.0
847,-68.5,0,20,-68.5
848,-66.0,0,25,-66.0
849,-23.5,0,19,-123.5
850,-201.0,0,25,-301.0
851,148.5,0,20,148.5
852,-167.5,0,20,-267.5
853,-144.5,0,18,-144.5
854,207.5,0,25,107.5
855,-158.5,0,19,-258.5
856,-83.5,0,16,-183.5
857,-95.0,0,19,-95.0
858,-137.5,0,19,-137.5
859,-16.0,0,21,-16.0
860,-176.0,0,21,-176.0
861,97.5,0,23,97.5
862,-110.5,0,21,-110.5
863,241.5,0,27,241.5
864,130.5,0,25,130.5
865,-188.5,0,16,-188.5
866,172.0,0,24,72.0
867,-90.5,0,24,-90.5
868,-100.0,0,20,-100.0
869,223.0,0,28,223.0
870,-58.5,0,22,-58.5
871,-158.5,0,20,-258.5
872,-139.5,0,18,-139.5
873,26.0,0,21,26.0
874,-136.5,0,14,-236.5
875,-81.0,0,18,-81.0
876,-97.5,0,18,-97.5
877,-104.5,0,24,-104.5
878,-135.0,0,18,-235.0
879,-81.0,0,19,-181.0
880,-99.5,0,17,-99.5
881,-89.0,0,22,-89.0
882,-140.0,0,19,-140.0
883,70.0,0,21,-30.0
884,332.5,1,28,332.5
885,-83.0,0,20,-183.0
886,-21.5,0,21,-21.5
887,-28.5,0,27,-28.5
888,-150.5,0,18,-150.5
889,36.0,0,27,-64.0
890,-65.5,0,26,-165.5
891,-153.5,0,22,-253.5
892,-45.0,0,18,-45.0
893,321.0,0,26,321.0
894,-170.5,0,18,-270.5
895,-35.0,0,23,-135.0
896,-160.5,0,15,-160.5
897,-67.0,0,23,-167.0
898,249.0,0,23,249.0
899,161.5,1,25,161.5
900,-148.5,0,21,-248.5
901,-12.0,0,23,-112.0
902,-74.5,0,19,-74.5
903,279.0,0,28,279.0
904,-162.0,0,21,-162.0
905,-55.0,0,25,-155.0
906,-233.5,0,20,-233.5
907,-103.5,0,23,-203.5
908,34.5,0,24,34.5
909,-247.0,0,22,-247.0
910,-207.0,0,22,-307.0
911,-123.0,0,23,-223.0
912,-212.0,0,21,-212.0
913,-128.5,0,22,-228.5
914,-193.5,0,16,-293.5
915,2.0,0,18,2.0
916,-1.5,0,25,-1.5
917,-20.5,0,20,-120.5
918,-56.5,0,24,-56.5
919,251.5,0,27,251.5
920,-178.5,0,20,-278.5
921,48.0,0,25,48.0
922,173.5,0,28,173.5
923,-29.5,0,23,-29.5
924,29.0,0,22,29.0
925,-140.0,0,17,-240.0
926,42.0,0,18,42.0
927,-76.5,0,20,-76.5
928,-84.5,0,22,-84.5
929,25.5,0,15,25.5
930,127.0,0,24,127.0
931,-139.0,0,18,-139.0
932,125.5,0,22,25.5
933,-202.5,0,23,-302.5
934,-150.0,0,23,-250.0
935,-99.5,0,18,-199.5
936,-22.5,0,23,-22.5
937,49.5,0,25,-50.5
938,13.0,0,25,-87.0
939,-130.5,0,18,-130.5
940,-29.5,0,18,-129.5
941,-45.5,0,26,-45.5
942,-96.5,0,18,-96.5
943,-43.5,0,20,-43.5
944,21.5,0,23,21.5
945,209.5,0,27,209.5
946,12.0,0,28,-88.0
947,122.0,0,24,22.0
948,-155.0,0,18,-155.0
949,68.5,0,23,68.5
950,6.5,0,26,6.5
951,-180.0,0,22,-280.0
952,-56.0,0,28,-56.0
953,-204.5,0,21,-204.5
954,-143.0,0,17,-143.0
955,45.5,0,24,45.5
956,-183.0,0,24,-183.0
957,175.5,0,25,75.5
958,234.5,0,27,234.5
959,-32.5,0,15,-132.5
960,6.0,0,22,-94.0
961,-96.5,0,20,-96.5
962,-7.0,0,27,-107.0
963,-15.5,0,21,-15.5
964,-106.0,0,22,-206.0
965,-177.5,0,20,-177.5
966,-192.5,0,21,-292.5
967,238.5,1,23,238.5
968,48.0,0,22,48.0
969,98.0,0,28,-2.0
970,-120.5,0,19,-120.5
971,27.5,0,22,27.5
972,-91.5,0,22,-91.5
973,164.0,0,27,164.0
974,-79.5,0,20,-79.5
975,138.5,0,25,138.5
976,-198.0,0,17,-298.0
977,-121.5,0,15,-121.5
978,106.5,0,25,6.5
979,-107.0,0,23,-107.0
980,-89.5,0,20,-89.5
981,-216.0,0,20,-216.0
982,-70.5,0,23,-70.5
983,78.0,0,26,78.0
984,-170.5,0,18,-170.5
985,-133.5,0,20,-233.5
986,-179.0,0,20,-179.0
987,93.0,0,25,-7.0
988,-178.5,0,15,-178.5
989,31.5,1,23,-68.5
990,59.0,0,23,-41.0
991,-130.0,0,18,-130.0
992,-112.0,0,22,-212.0
993,-108.5,0,26,-208.5
994,-50.5,0,22,-50.5
995,33.5,0,27,-66.5
996,150.5,0,24,50.5
997,-0.5,0,26,-100.5
998,-195.5,0,15,-295.5
999,-162.5,0,23,-262.5
1000,25.5,0,26,25.5
1001,-150.5,0,19,-150.5
1002,-151.0,0,18,-151.0
1003,320.0,0,28,320.0
1004,-56.5,0,19,-56.5
1005,-132.5,0,16,-232.5
1006,71.5,0,25,71.5
1007,-81.5,0,22,-81.5
1008,-66.0,0,26,-166.0
1009,-55.0,0,25,-55.0
1010,-97.5,0,20,-197.5
1011,6.0,0,16,6.0
1012,-19.5,0,18,-19.5
1013,6.0,0,23,6.0
1014,277.5,0,21,277.5
1015,47.0,0,22,-53.0
1016,-8.5,0,26,-108.5
1017,1.5,0,21,1.5
1018,8.0,0,21,-92.0
1019,-95.5,0,21,-195.5
1020,100.0,0,26,100.0
1021,-166.0,0,23,-266.0
1022,-33.0,0,25,-133.0
1023,537.5,0,31,537.5
1024,-125.5,0,23,-225.5
1025,98.5,0,27,-1.5
1026,-148.0,0,22,-248.0
1027,-170.0,0,19,-270.0
1028,-130.0,0,24,-130.0
1029,-107.0,0,26,-207.0
1030,-15.5,0,22,-15.5
1031,3.0,0,27,3.0
1032,132.0,0,23,132.0
1033,95.0,0,19,-5.0
1034,80.0,0,20,-20.0
1035,-155.5,0,22,-155.5
1036,275.5,0,27,275.5
1037,79.5,0,21,79.5
1038,-53.5,0,21,-153.5
1039,27.0,0,24,27.0
1040,-48.0,0,19,-48.0
1041,-115.0,0,17,-115.0
1042,247.0,0,27,147.0
1043,45.0,0,24,-55.0
1044,-55.0,0,20,-55.0
1045,-122.5,0,24,-222.5
1046,54.5,0,24,-45.5
1047,162.0,0,28,162.0
1048,-61.0,0,24,-161.0
1049,522.0,0,29,522.0
1050,-223.0,0,17,-223.0
1051,-46.5,0,19,-46.5
1052,-164.0,0,17,-164.0
1053,-143.0,0,20,-143.0
1054,-72.0,0,24,-172.0
1055,-115.5,0,15,-115.5
1056,74.0,0,23,74.0
1057,9.0,0,19,9.0
1058,61.5,0,21,61.5
1059,-201.0,0,21,-201.0
1060,105.5,0,27,105.5
1061,87.0,0,26,-13.0
1062,3.5,0,18,3.5
1063,-28.0,0,25,-28.0
1064,-8.5,0,23,-108.5
1065,-56.5,0,24,-56.5
1066,-169.0,0,22,-269.0
1067,66.5,0,23,66.5
1068,173.5,0,26,173.5
1069,11.5,0,27,-88.5
1070,-120.0,0,22,-120.0
1071,-56.0,0,16,-56.0
1072,33.0,0,26,-67.0
1073,-101.0,0,22,-101.0
1074,130.0,0,26,30.0
1075,374.0,1,25,274.0
1076,-203.5,0,21,-203.5
1077,-50.0,0,24,-50.0
1078,-55.5,0,24,-155.5
1079,40.5,0,20,40.5
1080,407.5,0,28,407.5
1081,-222.0,0,21,-222.0
1082,-19.0,0,25,-19.0
1083,-148.5,0,13,-248.5
1084,-156.5,0,22,-156.5
1085,-48.5,0,20,-48.5
1086,-145.0,0,21,-145.0
1087,97.0,0,27,97.0
1088,-88.5,0,22,-188.5
1089,-59.0,1,24,-159.0
1090,45.5,0,18,45.5
1091,176.5,0,27,76.5
1092,-87.5,0,22,-187.5
1093,83.0,0,24,-17.0
1094,-37.0,0,22,-37.0
1095,-206.5,0,20,-206.5
1096,360.0,0,24,360.0
1097,89.0,0,22,-11.0
1098,-26.5,0,15,-126.5
1099,10.0,0,18,10.0
1100,-56.5,0,24,-156.5
1101,15.5,0,25,15.5
1102,-97.0,0,21,-97.0
1103,-93.5,0,24,-193.5
1104,226.5,1,29,126.5
1105,565.0,0,32,465.0
1106,-39.5,0,23,-139.5
1107,-55.0,0,19,-155.0
1108,155.0,1,27,55.0
1109,2.5,0,18,2.5
1110,-78.5,0,19,-178.5
1111,-165.0,0,22,-265.0
1112,254.0,0,28,154.0
1113,30.5,0,26,-69.5
1114,-128.0,0,24,-128.0
1115,182.5,0,22,182.5
1116,-77.5,0,21,-77.5
1117,-65.0,0,22,-65.0
1118,193.0,0,27,193.0
1119,-19.0,0,19,-19.0
1120,-265.5,0,24,-265.5
1121,225.5,0,26,125.5
1122,292.5,1,28,292.5
1123,234.5,0,28,234.5
1124,127.5,0,27,27.5
1125,-47.5,0,15,-47.5
1126,119.5,0,27,119.5
1127,-90.0,0,20,-90.0
1128,-148.0,0,23,-148.0
1129,154.5,0,25,154.5
1130,-4.5,0,23,-4.5
1131,68.5,0,20,68.5
1132,-23.5,0,26,-123.5
1133,71.0,0,28,-29.0
1134,-177.0,0,17,-177.0
1135,5.5,0,23,-94.5
1136,-100.5,0,15,-100.5
1137,116.5,0,26,16.5
1138,-221.5,0,13,-221.5
1139,218.0,0,25,218.0
1140,-42.0,0,22,-42.0
1141,-131.5,0,20,-131.5
1142,228.5,1,28,228.5
1143,296.5,0,29,196.5
1144,3.5,0,27,-96.5
1145,191.0,1,28,191.0
1146,-119.5,0,16,-119.5
1147,-20.0,0,24,-20.0
1148,-80.0,0,22,-80.0
1149,-113.0,0,23,-213.0
1150,139.0,0,25,39.0
1151,-62.0,0,20,-162.0
1152,73.5,0,24,-26.5
1153,41.0,0,18,-59.0
1154,-65.5,0,25,-65.5
1155,-5.0,0,25,-5.0
1156,-82.0,0,23,-182.0
1157,127.5,0,24,127.5
1158,158.0,0,26,58.0
1159,71.0,0,22,-29.0
1160,-51.5,0,21,-51.5
1161,-53.0,1,25,-53.0
1162,-7.5,0,23,-7.5
1163,-119.5,0,20,-219.5
1164,-39.5,0,19,-139.5
1165,-34.0,0,16,-134.0
1166,-19.0,0,19,-19.0
1167,-142.0,0,26,-242.0
1168,53.5,1,24,53.5
1169,308.5,0,28,308.5
1170,-61.5,0,21,-61.5
1171,107.5,0,23,107.5
1172,-152.5,0,20,-152.5
1173,196.0,0,23,196.0
1174,1.5,0,25,-98.5
1175,277.5,0,21,177.5
1176,69.5,0,25,-30.5
1177,-100.0,0,15,-200.0
1178,68.0,0,25,-32.0
1179,206.5,0,27,106.5
1180,148.0,0,27,48.0
1181,168.5,0,28,168.5
1182,25.0,0,24,25.0
1183,24.5,0,20,24.5
1184,6.0,0,23,6.0
1185,-63.5,0,18,-163.5
1186,219.0,0,22,119.0
1187,-198.0,0,20,-198.0
1188,631.5,0,27,531.5
1189,-110.0,0,19,-110.0
1190,-89.0,0,24,-189.0
1191,-121.5,0,17,-221.5
1192,19.5,0,19,-80.5
1193,-139.0,0,17,-139.0
1194,-158.5,0,23,-158.5
1195,-8.5,0,24,-108.5
1196,-91.5,0,21,-91.5
1197,-106.5,0,19,-106.5
1198,-115.0,0,20,-215.0
1199,18.0,0,26,18.0
1200,-122.0,0,19,-222.0
1201,-95.0,0,19,-95.0
1202,-92.5,0,17,-192.5
1203,-55.0,0,20,-55.0
1204,237.0,0,27,237.0
1205,-75.0,0,20,-75.0
1206,-81.5,0,22,-181.5
1207,38.5,0,27,-61.5
1208,-95.5,0,25,-95.5
1209,65.0,0,21,65.0
1210,132.5,1,23,32.5
1211,-50.0,0,21,-150.0
1212,81.5,0,28,81.5
1213,-144.5,0,18,-244.5
1214,144.5,0,28,44.5
1215,232.0,0,28,232.0
1216,-120.5,0,26,-220.5
1217,58.5,0,23,-41.5
1218,-18.0,0,23,-118.0
1219,-43.5,0,25,-43.5
1220,31.5,0,26,-68.5
1221,-156.0,0,20,-256.0
1222,86.0,0,28,-14.0
1223,-68.0,0,23,-68.0
1224,204.0,0,29,204.0
1225,-103.5,0,19,-103.5
1226,-207.5,0,18,-207.5
1227,81.5,0,22,-18.5
1228,-182.0,0,21,-182.0
1229,283.0,0,26,183.0
1230,225.0,0,28,225.0
1231,69.5,0,26,69.5
1232,-61.0,0,18,-61.0
1233,39.0,0,22,-61.0
1234,347.0,0,30,247.0
1235,-95.0,0,21,-195.0
1236,10.0,0,20,-90.0
1237,-158.0,0,24,-258.0
1238,-139.5,0,17,-239.5
1239,-109.5,0,23,-209.5
1240,491.0,0,28,491.0
1241,-62.5,0,20,-62.5
1242,-38.5,0,27,-138.5
1243,-102.0,0,19,-102.0
1244,-46.5,0,17,-46.5
1245,15.5,0,21,-84.5
1246,-212.0,0,23,-312.0
1247,114.0,0,20,14.0
1248,4.0,0,18,4.0
1249,209.5,0,27,209.5
1250,182.0,0,26,182.0
1251,-50.0,0,26,-150.0
1252,141.5,0,28,141.5
1253,26.0,0,16,-74.0
1254,-81.5,0,21,-181.5
1255,-200.5,0,24,-200.5
1256,109.5,0,21,9.5
1257,177.5,0,25,177.5
1258,-62.0,0,19,-162.0
1259,-27.5,0,23,-27.5
1260,132.0,0,25,32.0
1261,137.5,0,26,137.5
1262,328.0,0,24,328.0
1263,43.5,0,29,43.5
1264,-35.0,0,25,-35.0
1265,2.5,0,16,2.5
1266,109.5,0,22,109.5
1267,140.5,0,27,140.5
1268,-121.5,0,20,-121.5
1269,136.0,0,23,36.0
1270,45.0,0,23,45.0
1271,189.5,0,28,189.5
1272,-124.5,0,22,-124.5
1273,-105.0,0,20,-205.0
1274,-201.0,0,13,-201.0
1275,-85.5,0,20,-185.5
1276,-99.0,0,20,-99.0
1277,-27.5,0,25,-127.5
1278,-91.5,0,25,-91.5
1279,188.5,0,26,88.5
1280,-9.0,0,23,-109.0
1281,5.0,0,18,-95.0
1282,-54.0,0,18,-54.0
1283,178.0,0,30,178.0
1284,103.5,0,29,3.5
1285,8.5,0,16,-91.5
1286,-97.0,0,27,-97.0
1287,-61.5,0,12,-161.5
1288,-182.0,0,13,-182.0
1289,-12.0,0,21,-12.0
1290,253.5,0,25,253.5
1291,-183.0,0,19,-183.0
1292,0.0,0,22,-100.0
1293,-164.5,0,22,-164.5
1294,-43.0,0,26,-43.0
1295,649.0,0,33,649.0
1296,121.0,0,23,21.0
1297,32.0,0,23,-68.0
1298,66.5,0,20,66.5
1299,20.5,0,16,20.5
1300,40.0,0,24,-60.0
1301,200.0,0,25,200.0
1302,72.5,0,27,-27.5
1303,-157.5,0,17,-157.5
1304,-125.5,0,21,-225.5
1305,-71.5,0,27,-71.5
1306,-49.0,0,25,-49.0
1307,235.5,0,28,235.5
1308,-197.5,0,22,-197.5
1309,494.0,1,29,494.0
1310,75.0,0,23,-25.0
1311,-116.0,0,15,-216.0
1312,-151.5,0,16,-251.5
1313,-81.5,0,26,-81.5
1314,86.5,0,23,-13.5
1315,-35.0,0,25,-135.0
1316,11.5,0,25,11.5
1317,69.5,0,26,69.5
1318,-132.5,0,25,-132.5
1319,35.5,1,24,-64.5
1320,147.0,0,27,47.0
1321,8.5,0,22,-91.5
1322,23.0,0,26,-77.0
1323,76.5,0,22,-23.5
1324,-1.0,0,30,-1.0
1325,572.5,0,31,472.5
1326,-83.5,0,22,-83.5
1327,168.5,1,23,168.5
1328,-97.0,0,20,-97.0
1329,393.5,1,28,393.5
1330,6.0,0,21,6.0
1331,205.0,0,22,105.0
1332,-212.5,0,20,-212.5
1333,-139.5,0,20,-239.5
1334,-175.5,0,20,-175.5
1335,254.5,0,30,154.5
1336,92.0,0,29,-8.0
1337,76.0,0,25,-24.0
1338,-176.0,0,23,-276.0
1339,-117.5,0,13,-117.5
1340,-65.0,0,19,-165.0
1341,272.5,0,27,172.5
1342,314.0,1,28,214.0
1343,421.5,0,29,421.5
1344,-10.0,0,25,-10.0
1345,-45.5,0,21,-45.5
1346,-119.5,0,14,-119.5
1347,-116.0,0,17,-116.0
1348,237.0,0,23,237.0
1349,91.0,0,26,-9.0
1350,-126.5,0,18,-226.5
1351,-163.5,0,21,-163.5
1352,-12.0,0,21,-112.0
1353,165.5,0,26,65.5
1354,316.0,0,27,316.0
1355,432.0,0,30,332.0
1356,54.0,0,25,-46.0
1357,-152.5,0,25,-252.5
1358,228.0,0,29,228.0
1359,263.5,1,30,263.5
1360,141.5,0,28,41.5
1361,-58.5,0,22,-158.5
1362,-4.0,0,21,-4.0
1363,28.5,0,24,-71.5
1364,17.0,0,25,17.0
1365,13.5,0,18,13.5
1366,-7.0,0,24,-7.0
1367,-143.0,0,19,-143.0
1368,998.5,0,33,898.5
1369,187.0,0,22,87.0
1370,246.5,1,24,246.5
1371,175.5,0,23,75.5
1372,-140.0,0,15,-140.0
1373,-131.5,0,19,-131.5
1374,298.5,0,28,198.5
1375,162.5,0,26,162.5
1376,372.0,0,28,272.0
1377,-144.5,0,17,-144.5
1378,331.5,0,27,331.5
1379,31.5,0,24,-68.5
1380,79.0,0,22,-21.0
1381,43.0,0,25,43.0
1382,34.0,0,20,-66.0
1383,-13.0,0,16,-13.0
1384,275.0,0,29,275.0
1385,-62.0,0,24,-62.0
1386,109.0,0,25,109.0
1387,54.5,0,22,-45.5
1388,81.5,0,26,81.5
1389,-99.0,0,27,-99.0
1390,183.5,0,26,83.5
1391,-94.5,0,20,-194.5
1392,361.0,0,26,361.0
1393,293.5,0,30,193.5
1394,-217.5,0,17,-317.5
1395,-36.5,0,17,-136.5
1396,-86.5,0,25,-86.5
1397,-36.0,0,14,-136.0
1398,72.5,0,22,-27.5
1399,137.0,0,24,137.0
1400,205.5,0,28,205.5
1401,101.0,0,25,1.0
1402,62.5,0,26,-37.5
1403,149.5,0,25,149.5
1404,328.5,0,30,328.5
1405,68.0,0,26,68.0
1406,485.0,0,30,485.0
1407,-77.0,0,26,-177.0
1408,-159.0,0,22,-159.0
1409,212.5,1,20,212.5
1410,76.5,0,24,-23.5
1411,185.0,0,27,85.0
1412,-150.0,0,23,-250.0
1413,-66.0,0,26,-66.0
1414,-78.5,0,24,-178.5
1415,-94.5,0,23,-94.5
1416,78.5,1,28,78.5
1417,173.5,0,25,173.5
1418,649.5,1,34,649.5
1419,18.5,0,23,-81.5
1420,103.5,0,28,3.5
1421,-33.0,0,25,-33.0
1422,222.5,1,30,222.5
1423,23.5,0,21,23.5
1424,-44.5,0,22,-144.5
1425,69.5,0,26,69.5
1426,-65.0,0,25,-65.0
1427,182.5,0,22,182.5
1428,101.5,0,23,101.5
1429,33.0,1,32,-67.0
1430,85.0,0,25,85.0
1431,140.0,0,23,140.0
1432,179.0,0,27,79.0
1433,-18.0,0,27,-18.0
1434,-85.5,0,21,-185.5
1435,-63.0,0,25,-163.0
1436,220.0,0,25,120.0
1437,55.0,0,23,55.0
1438,74.0,0,30,-26.0
1439,-45.5,0,23,-45.5
1440,-52.5,0,22,-152.5
1441,100.5,0,27,0.5
1442,71.0,0,24,-29.0
1443,293.5,0,24,293.5
1444,-86.0,0,25,-186.0
1445,-87.0,0,21,-87.0
1446,494.0,1,29,394.0
1447,74.0,0,26,74.0
1448,6.0,0,19,-94.0
1449,109.5,0,23,109.5
1450,312.5,0,22,312.5
1451,-155.0,0,17,-155.0
1452,-125.0,0,18,-225.0
1453,52.5,0,27,52.5
1454,220.5,1,26,220.5
1455,192.0,1,29,92.0
1456,-71.0,0,18,-171.0
1457,222.5,0,24,222.5
1458,289.5,0,24,189.5
1459,-177.5,0,16,-177.5
1460,-88.5,0,19,-188.5
1461,399.0,0,27,399.0
1462,420.5,0,28,320.5
1463,183.0,0,25,183.0
1464,514.5,0,32,514.5
1465,-74.5,0,25,-174.5
1466,46.5,0,24,46.5
1467,71.0,0,27,71.0
1468,284.0,1,27,184.0
1469,94.0,0,28,-6.0
1470,-105.5,0,18,-105.5
1471,-131.0,0,16,-131.0
1472,-57.5,0,19,-57.5
1473,-153.5,0,16,-153.5
1474,347.0,1,29,247.0
1475,374.0,1,30,374.0
1476,-77.0,0,24,-77.0
1477,660.0,0,32,660.0
1478,200.5,0,28,100.5
1479,294.5,0,24,294.5
1480,155.5,0,21,155.5
1481,-233.5,0,17,-233.5
1482,234.5,1,26,234.5
1483,555.5,0,29,555.5
1484,115.5,0,30,115.5
1485,-51.5,0,21,-151.5
1486,207.0,0,28,107.0
1487,27.0,0,25,-73.0
1488,71.5,0,28,-28.5
1489,-131.5,0,23,-231.5
1490,3.5,0,23,3.5
1491,114.0,0,25,14.0
1492,150.0,0,27,150.0
1493,-49.5,0,27,-149.5
1494,146.0,0,29,46.0
1495,448.5,0,26,348.5
1496,-18.0,0,15,-118.0
1497,-190.0,0,18,-190.0
1498,-145.5,0,17,-145.5
1499,17.0,0,25,17.0
1500,-123.0,0,20,-123.0
1501,-42.0,0,24,-42.0
1502,149.0,0,25,149.0
1503,178.5,0,23,178.5
1504,-18.0,0,23,-18.0
1505,-80.5,0,18,-180.5
1506,114.0,0,21,114.0
1507,-89.0,0,24,-189.0
1508,461.5,0,30,461.5
1509,266.5,0,28,266.5
1510,210.0,0,28,210.0
1511,85.0,0,27,85.0
1512,155.5,0,25,155.5
1513,16.5,0,26,16.5
1514,-77.0,0,22,-177.0
1515,22.5,0,25,-77.5
1516,358.0,0,26,358.0
1517,-90.0,0,26,-90.0
1518,202.0,0,27,202.0
1519,163.0,0,24,63.0
1520,11.0,0,21,-89.0
1521,147.0,0,24,147.0
1522,120.5,0,24,120.5
1523,145.0,0,21,45.0
1524,-34.5,0,26,-134.5
1525,129.5,1,22,129.5
1526,536.0,0,32,536.0
1527,170.5,0,26,70.5
1528,333.0,0,30,233.0
1529,140.5,0,24,140.5
1530,265.0,1,23,265.0
1531,-70.5,0,19,-70.5
1532,274.5,0,24,174.5
1533,242.5,0,25,242.5
1534,139.0,0,23,39.0
1535,320.0,0,28,220.0
1536,-10.5,0,24,-10.5
1537,-161.0,0,25,-161.0
1538,522.5,0,27,522.5
1539,-52.5,0,24,-152.5
1540,686.0,0,31,686.0
1541,0.5,0,22,0.5
1542,238.0,0,26,238.0
1543,70.0,0,24,70.0
1544,116.0,0,24,16.0
1545,204.5,0,23,204.5
1546,109.5,0,23,9.5
1547,94.0,0,25,94.0
1548,-151.5,0,23,-151.5
1549,-8.0,0,24,-8.0
1550,365.5,1,29,365.5
1551,-39.0,0,24,-39.0
1552,132.5,0,25,32.5
1553,207.5,0,28,207.5
1554,184.0,0,22,84.0
1555,327.5,0,27,227.5
1556,347.0,1,28,347.0
1557,509.5,1,33,409.5
1558,-92.5,0,25,-192.5
1559,98.5,0,23,98.5
1560,92.5,0,25,92.5
1561,8.5,0,17,-91.5
1562,216.0,0,29,216.0
1563,85.5,0,26,-14.5
1564,134.0,0,24,134.0
1565,3.5,0,26,3.5
1566,187.0,0,27,87.0
1567,81.0,0,23,-19.0
1568,26.5,0,29,-73.5
1569,-80.5,0,22,-80.5
1570,112.0,0,24,12.0
1571,163.0,0,26,163.0
1572,-118.5,0,26,-218.5
1573,734.0,1,33,634.0
1574,-103.5,0,22,-103.5
1575,243.0,0,29,243.0
1576,-168.5,0,23,-168.5
1577,-100.5,0,20,-200.5
1578,186.5,0,30,86.5
1579,348.5,0,29,248.5
1580,130.0,0,28,30.0
1581,191.5,0,29,91.5
1582,-87.5,0,20,-87.5
1583,141.5,1,26,141.5
1584,45.5,0,25,-54.5
1585,-46.0,0,25,-146.0
1586,63.5,0,22,63.5
1587,62.5,0,18,-37.5
1588,160.5,0,30,60.5
1589,602.0,1,32,502.0
1590,-97.5,0,22,-97.5
1591,-182.5,0,23,-182.5
1592,100.5,0,22,0.5
1593,80.0,0,18,80.0
1594,50.5,0,25,-49.5
1595,444.5,1,28,344.5
1596,-106.0,0,26,-106.0
1597,-5.0,1,26,-5.0
1598,-17.5,0,25,-17.5
1599,97.5,0,26,97.5
1600,-37.0,0,27,-137.0
1601,54.5,0,25,-45.5
1602,245.0,0,28,145.0
1603,286.0,0,25,186.0
1604,196.5,1,29,196.5
1605,-114.0,0,19,-214.0
1606,-42.5,1,18,-42.5
1607,148.0,0,24,48.0
1608,-103.0,0,20,-103.0
1609,262.5,2,27,162.5
1610,3.0,0,25,-97.0
1611,149.5,1,28,149.5
1612,64.0,0,25,64.0
1613,45.5,0,29,45.5
1614,111.0,0,27,111.0
1615,399.5,1,31,399.5
1616,212.5,1,27,212.5
1617,260.5,0,28,260.5
1618,19.5,0,26,19.5
1619,200.0,0,27,200.0
1620,-26.0,0,22,-26.0
1621,63.5,0,25,63.5
1622,-108.0,0,19,-208.0
1623,19.0,0,21,-81.0
1624,-1.0,0,22,-1.0
1625,-92.5,0,25,-192.5
1626,-41.5,0,23,-141.5
1627,162.0,0,25,162.0
1628,151.5,0,28,151.5
1629,38.0,0,26,-62.0
1630,-39.5,0,16,-39.5
1631,222.0,0,25,122.0
1632,-70.5,0,25,-170.5
1633,88.5,0,26,-11.5
1634,172.0,0,24,172.0
1635,-86.5,0,21,-186.5
1636,307.5,0,27,207.5
1637,60.5,1,27,60.5
1638,105.5,0,21,5.5
1639,359.0,0,30,259.0
1640,313.5,0,28,313.5
1641,-92.5,0,16,-192.5
1642,7.0,0,23,7.0
1643,28.5,0,22,28.5
1644,-16.5,0,17,-116.5
1645,27.5,0,24,27.5
1646,328.0,0,27,328.0
1647,104.5,0,26,104.5
1648,151.0,0,25,151.0
1649,-33.0,0,23,-133.0
1650,322.5,0,29,322.5
1651,94.0,0,23,-6.0
1652,30.5,0,20,30.5
1653,247.0,0,26,247.0
1654,643.0,0,32,643.0
1655,187.5,0,23,87.5
1656,618.5,0,29,618.5
1657,-111.0,0,17,-211.0
1658,119.0,0,25,19.0
1659,471.5,0,29,471.5
1660,-42.0,0,19,-42.0
1661,265.0,0,28,165.0
1662,-12.5,0,28,-12.5
1663,-9.5,0,24,-109.5
1664,265.5,0,28,265.5
1665,238.5,0,23,238.5
1666,339.5,1,31,239.5
1667,44.5,0,20,-55.5
1668,-48.5,0,23,-48.5
1669,249.0,0,26,249.0
1670,213.0,2,26,113.0
1671,143.5,1,24,43.5
1672,-24.5,0,24,-24.5
1673,71.0,0,19,71.0
1674,-26.5,0,27,-26.5
1675,-3.0,0,22,-103.0
1676,-60.0,0,24,-160.0
1677,190.0,0,26,190.0
1678,178.5,0,28,178.5
1679,164.0,0,27,64.0
1680,307.0,1,27,307.0
1681,102.0,0,26,102.0
1682,29.0,0,25,29.0
1683,60.5,0,24,60.5
1684,236.5,1,27,136.5
1685,71.5,0,20,71.5
1686,16.0,0,21,-84.0
1687,-37.5,0,18,-137.5
1688,137.5,0,23,137.5
1689,-27.5,0,24,-27.5
1690,112.0,0,25,112.0
1691,87.0,0,25,-13.0
1692,58.0,0,25,-42.0
1693,548.5,0,30,548.5
1694,85.0,0,22,-15.0
1695,16.5,0,26,-83.5
1696,62.5,0,25,62.5
1697,293.5,0,28,193.5
1698,292.5,1,28,292.5
1699,22.5,0,27,-77.5
1700,210.5,0,28,210.5
1701,398.0,0,30,298.0
1702,237.5,0,29,237.5
1703,277.0,0,31,277.0
1704,301.5,0,26,301.5
1705,429.5,0,26,429.5
1706,39.0,0,21,-61.0
1707,206.5,0,27,206.5
1708,-175.5,0,24,-175.5
1709,29.5,0,22,29.5
1710,522.5,0,29,422.5
1711,302.0,0,26,202.0
1712,-38.5,0,22,-138.5
1713,257.5,0,25,157.5
1714,-100.5,0,13,-100.5
1715,79.5,0,23,79.5
1716,169.0,0,27,169.0
1717,707.0,0,30,707.0
1718,144.0,0,26,144.0
1719,102.0,0,20,102.0
1720,20.5,0,24,-79.5
1721,250.0,0,22,250.0
1722,-157.5,0,22,-257.5
1723,92.5,0,30,92.5
1724,210.5,0,22,210.5
1725,86.0,0,25,-14.0
1726,442.0,1,32,342.0
1727,113.0,0,28,113.0
1728,95.5,0,26,-4.5
1729,153.0,0,27,153.0
1730,-51.0,0,23,-51.0
1731,3.0,0,20,3.0
1732,540.0,0,28,540.0
1733,587.5,1,29,587.5
1734,-48.5,0,20,-48.5
1735,328.5,1,30,328.5
1736,488.0,0,29,388.0
1737,212.5,0,28,212.5
1738,122.5,0,22,122.5
1739,119.5,0,27,119.5
1740,284.0,0,22,284.0
1741,85.5,0,28,85.5
1742,262.5,0,25,162.5
1743,888.0,1,33,888.0
1744,-44.0,0,23,-44.0
1745,135.5,0,27,35.5
1746,345.5,0,28,345.5
1747,602.0,1,34,602.0
1748,-133.5,0,22,-133.5
1749,115.0,0,27,15.0
1750,320.5,0,27,320.5
1751,159.5,0,28,159.5
1752,40.5,0,26,40.5
1753,280.5,0,31,280.5
1754,-9.5,1,24,-9.5
1755,438.0,0,30,438.0
1756,393.0,0,30,293.0
1757,65.0,0,26,-35.0
1758,268.5,0,29,168.5
1759,-15.5,0,21,-115.5
1760,-37.5,0,18,-37.5
1761,181.0,0,30,81.0
1762,-149.0,0,17,-149.0
1763,-84.5,0,22,-184.5
1764,-52.5,0,17,-52.5
1765,281.5,0,29,281.5
1766,-97.0,0,23,-97.0
1767,-76.0,0,16,-76.0
1768,56.5,0,27,56.5
1769,487.0,1,32,487.0
1770,723.0,0,30,723.0
1771,533.0,0,31,433.0
1772,283.5,0,31,283.5
1773,498.0,0,29,498.0
1774,230.5,1,25,230.5
1775,251.0,0,26,151.0
1776,65.5,0,23,-34.5
1777,398.5,0,31,298.5
1778,413.5,0,31,413.5
1779,295.0,0,30,195.0
1780,-82.0,0,18,-182.0
1781,-76.0,0,26,-76.0
1782,-138.0,0,24,-138.0
1783,-88.0,0,28,-88.0
1784,264.5,1,27,264.5
1785,202.5,0,29,102.5
1786,-43.5,0,27,-143.5
1787,467.5,0,29,467.5
1788,127.0,1,24,127.0
1789,294.0,0,28,194.0
1790,132.0,0,27,32.0
1791,-11.0,0,29,-111.0
1792,-1.0,0,17,-1.0
1793,677.0,0,31,677.0
1794,1.0,0,20,-99.0
1795,64.5,0,24,64.5
1796,-30.5,0,27,-130.5
1797,-45.5,0,19,-145.5
1798,337.0,0,31,337.0
1799,-44.5,0,22,-44.5
1800,239.0,0,24,239.0
1801,-100.5,0,20,-200.5
1802,372.0,0,28,272.0
1803,237.0,0,28,237.0
1804,210.0,0,28,210.0
1805,-113.0,0,25,-213.0
1806,406.0,0,27,406.0
1807,-138.0,0,27,-238.0
1808,100.5,0,25,100.5
1809,341.5,0,29,241.5
1810,192.0,0,24,92.0
1811,-104.5,0,22,-204.5
1812,-114.5,0,22,-214.5
1813,162.5,0,27,62.5
1814,-131.5,0,17,-131.5
1815,170.5,0,27,70.5
1816,352.5,0,29,352.5
1817,228.0,0,30,128.0
1818,1.0,0,25,1.0
1819,11.0,0,28,-89.0
1820,117.0,0,22,117.0
1821,-119.5,0,22,-119.5
1822,-15.0,0,28,-15.0
1823,-82.0,0,17,-82.0
1824,369.5,0,26,269.5
1825,133.5,0,29,133.5
1826,595.0,0,31,495.0
1827,42.5,0,21,-57.5
1828,417.5,0,30,417.5
1829,-75.0,0,20,-175.0
1830,563.5,0,33,563.5
1831,192.0,0,22,192.0
1832,-10.5,0,27,-10.5
1833,119.0,0,28,19.0
1834,154.5,0,27,154.5
1835,9.5,0,26,9.5
1836,277.0,0,27,277.0
1837,181.0,0,24,181.0
1838,1018.5,1,33,1018.5
1839,281.0,1,26,181.0
1840,24.0,0,20,24.0
1841,101.5,0,22,101.5
1842,-81.0,0,23,-81.0
1843,-97.5,0,24,-197.5
1844,79.5,0,18,79.5
1845,-194.0,0,24,-194.0
1846,348.5,0,28,348.5
1847,340.0,0,29,340.0
1848,244.5,0,28,244.5
1849,165.5,0,25,165.5
1850,102.5,0,18,102.5
1851,-81.0,0,20,-81.0
1852,307.0,0,25,207.0
1853,-108.5,0,27,-208.5
1854,-140.0,0,20,-240.0
1855,105.5,0,25,5.5
1856,825.0,0,31,825.0
1857,599.0,0,29,599.0
1858,146.0,0,29,146.0
1859,42.5,0,26,42.5
1860,77.0,0,25,77.0
1861,232.0,0,24,132.0
1862,254.0,1,30,254.0
1863,413.0,0,32,413.0
1864,8.5,0,16,8.5
1865,263.0,0,30,263.0
1866,-37.5,0,25,-137.5
1867,20.0,0,25,20.0
1868,251.5,0,31,251.5
1869,344.0,0,27,344.0
1870,90.0,0,25,90.0
1871,230.5,0,27,130.5
1872,365.5,0,25,265.5
1873,259.5,0,22,159.5
1874,75.0,0,29,-25.0
1875,596.0,1,30,596.0
1876,76.0,1,29,-24.0
1877,765.5,2,32,765.5
1878,326.5,0,30,326.5
1879,70.5,0,23,70.5
1880,257.5,0,29,257.5
1881,126.5,0,22,126.5
1882,224.0,0,27,124.0
1883,9.0,0,19,-91.0
1884,429.5,0,30,429.5
1885,264.5,0,20,264.5
1886,-30.0,0,26,-30.0
1887,260.5,0,28,260.5
1888,-74.5,0,24,-74.5
1889,-116.0,0,20,-216.0
1890,62.5,0,27,62.5
1891,480.0,0,31,480.0
1892,-28.0,0,23,-28.0
1893,503.5,0,31,503.5
1894,563.0,0,31,463.0
1895,35.5,1,28,35.5
1896,165.5,0,30,165.5
1897,438.5,2,34,438.5
1898,-16.5,0,25,-16.5
1899,68.0,0,28,68.0
1900,608.0,0,31,608.0
1901,664.5,2,35,564.5
1902,92.5,0,28,-7.5
1903,-100.0,0,17,-200.0
1904,155.5,0,25,155.5
1905,316.5,0,29,216.5
1906,-65.0,0,18,-65.0
1907,16.5,0,22,16.5
1908,108.5,0,28,108.5
1909,577.5,0,30,477.5
1910,29.5,0,27,29.5
1911,-12.5,1,28,-12.5
1912,177.0,2,32,77.0
1913,-28.0,0,25,-128.0
1914,137.0,1,20,137.0
1915,-47.0,0,21,-47.0
1916,200.5,0,29,100.5
1917,168.5,0,23,68.5
1918,-89.0,0,15,-189.0
1919,-134.0,0,22,-134.0
1920,238.0,0,29,138.0
1921,363.5,0,27,363.5
1922,289.5,0,24,289.5
1923,199.5,0,29,199.5
1924,135.5,0,25,135.5
1925,284.5,0,29,284.5
1926,-116.5,0,15,-216.5
1927,14.5,0,23,-85.5
1928,-140.5,0,22,-140.5
1929,25.5,0,26,25.5
1930,209.0,1,31,109.0
1931,15.0,0,22,-85.0
1932,583.0,0,31,583.0
1933,-31.5,0,23,-31.5
1934,400.0,0,24,400.0
1935,594.5,0,32,594.5
1936,269.5,1,28,169.5
1937,507.5,0,27,507.5
1938,170.5,1,25,70.5
1939,137.5,0,26,37.5
1940,301.5,0,26,301.5
1941,-116.0,0,22,-116.0
1942,243.0,0,28,143.0
1943,-36.5,0,22,-36.5
1944,217.5,1,25,117.5
1945,116.5,0,23,116.5
1946,68.5,0,25,68.5
1947,-34.0,0,24,-34.0
1948,-14.0,0,28,-14.0
1949,353.5,0,29,353.5
1950,267.0,0,30,267.0
1951,122.5,0,25,122.5
1952,-129.5,0,21,-129.5
1953,916.5,2,35,816.5
1954,168.5,0,22,168.5
1955,-104.5,0,21,-104.5
1956,346.5,0,31,346.5
1957,117.5,0,26,17.5
1958,-87.0,0,25,-87.0
1959,335.5,0,30,335.5
1960,194.0,0,28,94.0
1961,-46.0,0,25,-146.0
1962,636.5,1,32,636.5
1963,-46.5,0,26,-46.5
1964,545.0,1,32,445.0
1965,211.0,0,30,211.0
1966,498.5,0,29,498.5
1967,296.0,1,24,296.0
1968,-99.5,0,18,-99.5
1969,-76.5,0,20,-76.5
1970,376.0,0,26,376.0
1971,461.5,0,28,461.5
1972,340.0,0,29,340.0
1973,114.0,0,21,114.0
1974,254.5,0,24,254.5
1975,-14.0,0,24,-14.0
1976,454.0,0,27,354.0
1977,369.5,0,26,269.5
1978,7.0,0,23,7.0
1979,174.5,0,26,174.5
1980,345.5,0,30,345.5
1981,-129.5,0,23,-129.5
1982,94.0,0,28,94.0
1983,152.0,0,25,52.0
1984,659.0,0,31,659.0
1985,761.0,0,33,661.0
1986,151.0,0,26,51.0
1987,26.5,0,21,26.5
1988,-136.5,0,24,-236.5
1989,-64.5,0,18,-64.5
1990,557.5,0,30,557.5
1991,142.0,0,25,142.0
1992,735.5,0,32,735.5
1993,4.5,0,23,4.5
1994,172.0,0,26,72.0
1995,618.5,0,30,618.5
1996,-125.5,0,27,-225.5
1997,-22.5,0,21,-22.5
1998,140.0,0,28,140.0
1999,291.0,0,27,291.0
2000,-80.5,0,13,-80.5
